onset	duration	trial_type	value	sample
0.25	4.0	right_hand_left_foot	7	50
8.75	4.0	hands	2	1750
17.25	4.0	left_hand_right_foot	4	3450
25.75	4.0	right_hand_left_foot	7	5150
34.25	4.0	left_hand_right_foot	4	6850
42.75	4.0	feet	1	8550
51.25	4.0	left_hand_right_foot	4	10250
59.75	4.0	left_hand	3	11950
68.25	4.0	right_hand	6	13650
76.75	4.0	left_hand	3	15350
85.25	4.0	feet	1	17050
93.75	4.0	right_hand	6	18750
102.25	4.0	left_hand	3	20450
110.75	4.0	right_hand_left_foot	7	22150
119.25	4.0	hands	2	23850
127.75	4.0	left_hand_right_foot	4	25550
136.25	4.0	left_hand	3	27250
144.75	4.0	feet	1	28950
153.25	4.0	feet	1	30650
161.75	4.0	feet	1	32350
170.25	4.0	hands	2	34050
178.75	4.0	hands	2	35750
187.25	4.0	right_hand_left_foot	7	37450
195.75	4.0	left_hand	3	39150
204.25	4.0	hands	2	40850
212.75	4.0	left_hand_right_foot	4	42550
221.25	4.0	feet	1	44250
229.75	4.0	right_hand	6	45950
238.25	4.0	right_hand	6	47650
246.75	4.0	feet	1	49350
255.25	4.0	left_hand_right_foot	4	51050
263.75	4.0	hands	2	52750
272.25	4.0	right_hand_left_foot	7	54450
280.75	4.0	right_hand	6	56150
289.25	4.0	hands	2	57850
297.75	4.0	right_hand	6	59550
306.25	4.0	feet	1	61250
314.75	4.0	right_hand	6	62950
323.25	4.0	left_hand	3	64650
331.75	4.0	right_hand_left_foot	7	66350
340.25	4.0	left_hand	3	68050
348.75	4.0	left_hand_right_foot	4	69750
357.25	4.0	right_hand	6	71450
365.75	4.0	hands	2	73150
374.25	4.0	right_hand_left_foot	7	74850
382.75	4.0	left_hand_right_foot	4	76550
391.25	4.0	right_hand_left_foot	7	78250
399.75	4.0	left_hand	3	79950
408.25	4.0	feet	1	81650
416.75	4.0	feet	1	83350
425.25	4.0	right_hand_left_foot	7	85050
433.75	4.0	left_hand_right_foot	4	86750
442.25	4.0	right_hand_left_foot	7	88450
450.75	4.0	right_hand	6	90150
459.25	4.0	hands	2	91850
467.75	4.0	left_hand	3	93550
476.25	4.0	left_hand_right_foot	4	95250
484.75	4.0	hands	2	96950
493.25	4.0	right_hand	6	98650
501.75	4.0	left_hand	3	100350
510.25	4.0	right_hand	6	102050
518.75	4.0	feet	1	103750
527.25	4.0	right_hand_left_foot	7	105450
535.75	4.0	left_hand_right_foot	4	107150
544.25	4.0	hands	2	108850
552.75	4.0	right_hand_left_foot	7	110550
561.25	4.0	left_hand	3	112250
569.75	4.0	left_hand_right_foot	4	113950
578.25	4.0	left_hand_right_foot	4	115650
586.75	4.0	feet	1	117350
595.25	4.0	hands	2	119050
603.75	4.0	right_hand	6	120750
612.25	4.0	feet	1	122450
620.75	4.0	right_hand_left_foot	7	124150
629.25	4.0	right_hand_left_foot	7	125850
637.75	4.0	hands	2	127550
646.25	4.0	right_hand_left_foot	7	129250
654.75	4.0	left_hand	3	130950
663.25	4.0	right_hand	6	132650
671.75	4.0	feet	1	134350
680.25	4.0	hands	2	136050
688.75	4.0	left_hand	3	137750
697.25	4.0	hands	2	139450
705.75	4.0	right_hand_left_foot	7	141150
714.25	4.0	right_hand_left_foot	7	142850
722.75	4.0	left_hand	3	144550
731.25	4.0	right_hand	6	146250
739.75	4.0	right_hand_left_foot	7	147950
748.25	4.0	left_hand	3	149650
756.75	4.0	right_hand	6	151350
765.25	4.0	hands	2	153050
773.75	4.0	right_hand	6	154750
782.25	4.0	left_hand_right_foot	4	156450
790.75	4.0	left_hand	3	158150
799.25	4.0	right_hand	6	159850
807.75	4.0	left_hand_right_foot	4	161550
816.25	4.0	feet	1	163250
824.75	4.0	left_hand_right_foot	4	164950
833.25	4.0	right_hand	6	166650
841.75	4.0	feet	1	168350
850.25	4.0	left_hand_right_foot	4	170050
858.75	4.0	right_hand_left_foot	7	171750
867.25	4.0	left_hand_right_foot	4	173450
875.75	4.0	hands	2	175150
884.25	4.0	feet	1	176850
892.75	4.0	left_hand	3	178550
901.25	4.0	hands	2	180250
909.75	4.0	left_hand	3	181950
918.25	4.0	right_hand	6	183650
926.75	4.0	hands	2	185350
935.25	4.0	left_hand_right_foot	4	187050
943.75	4.0	feet	1	188750
952.25	4.0	right_hand	6	190450
960.75	4.0	hands	2	192150
969.25	4.0	left_hand	3	193850
977.75	4.0	feet	1	195550
986.25	4.0	right_hand_left_foot	7	197250
994.75	4.0	feet	1	198950
1003.25	4.0	left_hand_right_foot	4	200650
1011.75	4.0	left_hand	3	202350
1020.25	4.0	right_hand_left_foot	7	204050
1028.75	4.0	left_hand	3	205750
1037.25	4.0	left_hand_right_foot	4	207450
1045.75	4.0	feet	1	209150
1054.25	4.0	feet	1	210850
1062.75	4.0	feet	1	212550
1071.25	4.0	left_hand_right_foot	4	214250
1079.75	4.0	right_hand_left_foot	7	215950
1088.25	4.0	right_hand	6	217650
1096.75	4.0	left_hand_right_foot	4	219350
1105.25	4.0	hands	2	221050
1113.75	4.0	left_hand_right_foot	4	222750
1122.25	4.0	hands	2	224450
1130.75	4.0	hands	2	226150
1139.25	4.0	right_hand	6	227850
1147.75	4.0	right_hand	6	229550
1156.25	4.0	feet	1	231250
1164.75	4.0	left_hand	3	232950
1173.25	4.0	left_hand	3	234650
1181.75	4.0	right_hand_left_foot	7	236350
1190.25	4.0	right_hand_left_foot	7	238050
1198.75	4.0	left_hand_right_foot	4	239750
1207.25	4.0	feet	1	241450
1215.75	4.0	hands	2	243150
1224.25	4.0	hands	2	244850
1232.75	4.0	feet	1	246550
1241.25	4.0	right_hand_left_foot	7	248250
1249.75	4.0	right_hand_left_foot	7	249950
1258.25	4.0	left_hand	3	251650
1266.75	4.0	hands	2	253350
1275.25	4.0	left_hand	3	255050
1283.75	4.0	left_hand_right_foot	4	256750
1292.25	4.0	right_hand	6	258450
1300.75	4.0	left_hand	3	260150
1309.25	4.0	hands	2	261850
1317.75	4.0	feet	1	263550
1326.25	4.0	feet	1	265250
1334.75	4.0	left_hand_right_foot	4	266950
1343.25	4.0	right_hand	6	268650
1351.75	4.0	right_hand	6	270350
1360.25	4.0	left_hand_right_foot	4	272050
1368.75	4.0	right_hand	6	273750
1377.25	4.0	right_hand_left_foot	7	275450
1385.75	4.0	right_hand_left_foot	7	277150
1394.25	4.0	left_hand_right_foot	4	278850
1402.75	4.0	feet	1	280550
1411.25	4.0	hands	2	282250
1419.75	4.0	left_hand	3	283950
1428.25	4.0	hands	2	285650
1436.75	4.0	right_hand_left_foot	7	287350
1445.25	4.0	hands	2	289050
1453.75	4.0	right_hand	6	290750
1462.25	4.0	left_hand_right_foot	4	292450
1470.75	4.0	left_hand	3	294150
1479.25	4.0	feet	1	295850
1487.75	4.0	left_hand	3	297550
1496.25	4.0	right_hand	6	299250
1504.75	4.0	left_hand	3	300950
1513.25	4.0	right_hand	6	302650
1521.75	4.0	right_hand_left_foot	7	304350
1530.25	4.0	hands	2	306050
1538.75	4.0	right_hand_left_foot	7	307750
1547.25	4.0	right_hand_left_foot	7	309450
1555.75	4.0	right_hand	6	311150
1564.25	4.0	right_hand_left_foot	7	312850
1572.75	4.0	right_hand	6	314550
1581.25	4.0	feet	1	316250
1589.75	4.0	left_hand	3	317950
1598.25	4.0	right_hand	6	319650
1606.75	4.0	hands	2	321350
1615.25	4.0	hands	2	323050
1623.75	4.0	left_hand	3	324750
1632.25	4.0	left_hand	3	326450
1640.75	4.0	left_hand_right_foot	4	328150
1649.25	4.0	right_hand_left_foot	7	329850
1657.75	4.0	feet	1	331550
1666.25	4.0	left_hand_right_foot	4	333250
1674.75	4.0	left_hand_right_foot	4	334950
1683.25	4.0	left_hand_right_foot	4	336650
1691.75	4.0	left_hand	3	338350
1700.25	4.0	right_hand	6	340050
1708.75	4.0	right_hand	6	341750
1717.25	4.0	right_hand_left_foot	7	343450
1725.75	4.0	right_hand	6	345150
1734.25	4.0	feet	1	346850
1742.75	4.0	left_hand	3	348550
1751.25	4.0	right_hand	6	350250
1759.75	4.0	feet	1	351950
1768.25	4.0	feet	1	353650
1776.75	4.0	feet	1	355350
1785.25	4.0	left_hand	3	357050
1793.75	4.0	left_hand_right_foot	4	358750
1802.25	4.0	left_hand_right_foot	4	360450
1810.75	4.0	right_hand_left_foot	7	362150
1819.25	4.0	feet	1	363850
1827.75	4.0	hands	2	365550
1836.25	4.0	right_hand	6	367250
1844.75	4.0	hands	2	368950
1853.25	4.0	left_hand_right_foot	4	370650
1861.75	4.0	right_hand_left_foot	7	372350
1870.25	4.0	left_hand	3	374050
1878.75	4.0	left_hand_right_foot	4	375750
1887.25	4.0	hands	2	377450
1895.75	4.0	hands	2	379150
1904.25	4.0	left_hand	3	380850
1912.75	4.0	right_hand_left_foot	7	382550
1921.25	4.0	right_hand_left_foot	7	384250
1929.75	4.0	feet	1	385950
1938.25	4.0	hands	2	387650
1946.75	4.0	left_hand	3	389350
1955.25	4.0	left_hand_right_foot	4	391050
1963.75	4.0	right_hand_left_foot	7	392750
1972.25	4.0	left_hand_right_foot	4	394450
1980.75	4.0	hands	2	396150
1989.25	4.0	hands	2	397850
1997.75	4.0	feet	1	399550
2006.25	4.0	right_hand	6	401250
2014.75	4.0	right_hand	6	402950
2023.25	4.0	left_hand	3	404650
2031.75	4.0	feet	1	406350
2040.25	4.0	right_hand_left_foot	7	408050
2048.75	4.0	right_hand_left_foot	7	409750
2057.25	4.0	right_hand	6	411450
2065.75	4.0	hands	2	413150
2074.25	4.0	right_hand	6	414850
2082.75	4.0	hands	2	416550
2091.25	4.0	left_hand	3	418250
2099.75	4.0	feet	1	419950
2108.25	4.0	left_hand	3	421650
2116.75	4.0	left_hand_right_foot	4	423350
2125.25	4.0	left_hand	3	425050
2133.75	4.0	right_hand	6	426750
2142.25	4.0	feet	1	428450
2150.75	4.0	feet	1	430150
2159.25	4.0	left_hand_right_foot	4	431850
2167.75	4.0	feet	1	433550
2176.25	4.0	left_hand_right_foot	4	435250
2184.75	4.0	right_hand_left_foot	7	436950
2193.25	4.0	right_hand_left_foot	7	438650
2201.75	4.0	right_hand	6	440350
2210.25	4.0	feet	1	442050
2218.75	4.0	right_hand	6	443750
2227.25	4.0	right_hand_left_foot	7	445450
2235.75	4.0	hands	2	447150
2244.25	4.0	right_hand	6	448850
2252.75	4.0	left_hand	3	450550
2261.25	4.0	hands	2	452250
2269.75	4.0	left_hand	3	453950
2278.25	4.0	left_hand_right_foot	4	455650
2286.75	4.0	right_hand_left_foot	7	457350
2295.25	4.0	left_hand_right_foot	4	459050
2303.75	4.0	right_hand	6	460750
2312.25	4.0	right_hand	6	462450
2320.75	4.0	right_hand	6	464150
2329.25	4.0	left_hand_right_foot	4	465850
2337.75	4.0	hands	2	467550
2346.25	4.0	left_hand	3	469250
2354.75	4.0	feet	1	470950
2363.25	4.0	hands	2	472650
2371.75	4.0	right_hand_left_foot	7	474350
2380.25	4.0	left_hand	3	476050
2388.75	4.0	right_hand	6	477750
2397.25	4.0	hands	2	479450
2405.75	4.0	right_hand_left_foot	7	481150
2414.25	4.0	hands	2	482850
2422.75	4.0	left_hand	3	484550
2431.25	4.0	left_hand	3	486250
2439.75	4.0	right_hand_left_foot	7	487950
2448.25	4.0	left_hand_right_foot	4	489650
2456.75	4.0	hands	2	491350
2465.25	4.0	feet	1	493050
2473.75	4.0	left_hand	3	494750
2482.25	4.0	left_hand_right_foot	4	496450
2490.75	4.0	left_hand_right_foot	4	498150
2499.25	4.0	feet	1	499850
2507.75	4.0	left_hand_right_foot	4	501550
2516.25	4.0	feet	1	503250
2524.75	4.0	hands	2	504950
2533.25	4.0	feet	1	506650
2541.75	4.0	right_hand_left_foot	7	508350
2550.25	4.0	hands	2	510050
2558.75	4.0	left_hand_right_foot	4	511750
2567.25	4.0	right_hand	6	513450
2575.75	4.0	feet	1	515150
2584.25	4.0	right_hand	6	516850
2592.75	4.0	right_hand_left_foot	7	518550
2601.25	4.0	hands	2	520250
2609.75	4.0	left_hand	3	521950
2618.25	4.0	left_hand	3	523650
2626.75	4.0	left_hand_right_foot	4	525350
2635.25	4.0	right_hand	6	527050
2643.75	4.0	feet	1	528750
2652.25	4.0	hands	2	530450
2660.75	4.0	right_hand	6	532150
2669.25	4.0	left_hand	3	533850
2677.75	4.0	right_hand_left_foot	7	535550
2686.25	4.0	right_hand_left_foot	7	537250
2694.75	4.0	right_hand	6	538950
2703.25	4.0	left_hand	3	540650
2711.75	4.0	feet	1	542350
2720.25	4.0	left_hand_right_foot	4	544050
2728.75	4.0	right_hand_left_foot	7	545750
2737.25	4.0	right_hand_left_foot	7	547450
2745.75	4.0	right_hand_left_foot	7	549150
2754.25	4.0	right_hand_left_foot	7	550850
2762.75	4.0	left_hand	3	552550
2771.25	4.0	hands	2	554250
2779.75	4.0	feet	1	555950
2788.25	4.0	right_hand_left_foot	7	557650
2796.75	4.0	hands	2	559350
2805.25	4.0	hands	2	561050
2813.75	4.0	feet	1	562750
2822.25	4.0	right_hand	6	564450
2830.75	4.0	feet	1	566150
2839.25	4.0	hands	2	567850
2847.75	4.0	feet	1	569550
2856.25	4.0	left_hand	3	571250
2864.75	4.0	right_hand_left_foot	7	572950
2873.25	4.0	left_hand	3	574650
2881.75	4.0	feet	1	576350
2890.25	4.0	hands	2	578050
2898.75	4.0	left_hand_right_foot	4	579750
2907.25	4.0	left_hand_right_foot	4	581450
2915.75	4.0	left_hand	3	583150
2924.25	4.0	left_hand	3	584850
2932.75	4.0	left_hand_right_foot	4	586550
2941.25	4.0	feet	1	588250
2949.75	4.0	right_hand	6	589950
2958.25	4.0	feet	1	591650
2966.75	4.0	hands	2	593350
2975.25	4.0	right_hand	6	595050
2983.75	4.0	left_hand	3	596750
2992.25	4.0	left_hand_right_foot	4	598450
3000.75	4.0	left_hand_right_foot	4	600150
3009.25	4.0	right_hand	6	601850
3017.75	4.0	right_hand_left_foot	7	603550
3026.25	4.0	right_hand	6	605250
3034.75	4.0	hands	2	606950
3043.25	4.0	left_hand_right_foot	4	608650
3051.75	4.0	left_hand_right_foot	4	610350
3060.25	4.0	left_hand	3	612050
3068.75	4.0	left_hand_right_foot	4	613750
3077.25	4.0	left_hand	3	615450
3085.75	4.0	left_hand_right_foot	4	617150
3094.25	4.0	hands	2	618850
3102.75	4.0	right_hand_left_foot	7	620550
3111.25	4.0	hands	2	622250
3119.75	4.0	feet	1	623950
3128.25	4.0	feet	1	625650
3136.75	4.0	right_hand_left_foot	7	627350
3145.25	4.0	right_hand_left_foot	7	629050
3153.75	4.0	left_hand_right_foot	4	630750
3162.25	4.0	left_hand	3	632450
3170.75	4.0	right_hand	6	634150
3179.25	4.0	left_hand	3	635850
3187.75	4.0	hands	2	637550
3196.25	4.0	left_hand_right_foot	4	639250
3204.75	4.0	left_hand_right_foot	4	640950
3213.25	4.0	feet	1	642650
3221.75	4.0	right_hand	6	644350
3230.25	4.0	right_hand	6	646050
3238.75	4.0	right_hand	6	647750
3247.25	4.0	feet	1	649450
3255.75	4.0	hands	2	651150
3264.25	4.0	right_hand_left_foot	7	652850
3272.75	4.0	left_hand_right_foot	4	654550
3281.25	4.0	left_hand	3	656250
3289.75	4.0	hands	2	657950
3298.25	4.0	right_hand_left_foot	7	659650
3306.75	4.0	right_hand	6	661350
3315.25	4.0	left_hand_right_foot	4	663050
3323.75	4.0	hands	2	664750
3332.25	4.0	left_hand	3	666450
3340.75	4.0	feet	1	668150
3349.25	4.0	feet	1	669850
3357.75	4.0	left_hand_right_foot	4	671550
3366.25	4.0	hands	2	673250
3374.75	4.0	right_hand	6	674950
3383.25	4.0	hands	2	676650
3391.75	4.0	right_hand	6	678350
3400.25	4.0	right_hand_left_foot	7	680050
3408.75	4.0	hands	2	681750
3417.25	4.0	left_hand	3	683450
3425.75	4.0	feet	1	685150
3434.25	4.0	right_hand	6	686850
3442.75	4.0	left_hand_right_foot	4	688550
3451.25	4.0	feet	1	690250
3459.75	4.0	left_hand	3	691950
3468.25	4.0	right_hand_left_foot	7	693650
3476.75	4.0	feet	1	695350
3485.25	4.0	hands	2	697050
3493.75	4.0	right_hand_left_foot	7	698750
3502.25	4.0	right_hand_left_foot	7	700450
3510.75	4.0	left_hand_right_foot	4	702150
3519.25	4.0	left_hand	3	703850
3527.75	4.0	right_hand	6	705550
3536.25	4.0	left_hand	3	707250
3544.75	4.0	feet	1	708950
3553.25	4.0	right_hand	6	710650
3561.75	4.0	right_hand_left_foot	7	712350
3570.25	4.0	right_hand_left_foot	7	714050
3578.75	4.0	right_hand_left_foot	7	715750
3587.25	4.0	left_hand	3	717450
3595.75	4.0	left_hand	3	719150
3604.25	4.0	left_hand_right_foot	4	720850
3612.75	4.0	left_hand_right_foot	4	722550
3621.25	4.0	feet	1	724250
3629.75	4.0	right_hand	6	725950
3638.25	4.0	hands	2	727650
3646.75	4.0	right_hand	6	729350
3655.25	4.0	hands	2	731050
3663.75	4.0	right_hand_left_foot	7	732750
3672.25	4.0	right_hand	6	734450
3680.75	4.0	feet	1	736150
3689.25	4.0	hands	2	737850
3697.75	4.0	feet	1	739550
3706.25	4.0	hands	2	741250
3714.75	4.0	hands	2	742950
3723.25	4.0	right_hand_left_foot	7	744650
3731.75	4.0	right_hand	6	746350
3740.25	4.0	left_hand	3	748050
3748.75	4.0	right_hand_left_foot	7	749750
3757.25	4.0	hands	2	751450
3765.75	4.0	left_hand_right_foot	4	753150
3774.25	4.0	left_hand	3	754850
3782.75	4.0	right_hand	6	756550
3791.25	4.0	left_hand	3	758250
3799.75	4.0	left_hand_right_foot	4	759950
3808.25	4.0	hands	2	761650
3816.75	4.0	left_hand	3	763350
3825.25	4.0	left_hand_right_foot	4	765050
3833.75	4.0	left_hand_right_foot	4	766750
3842.25	4.0	feet	1	768450
3850.75	4.0	left_hand_right_foot	4	770150
3859.25	4.0	left_hand_right_foot	4	771850
3867.75	4.0	feet	1	773550
3876.25	4.0	right_hand_left_foot	7	775250
3884.75	4.0	left_hand	3	776950
3893.25	4.0	hands	2	778650
3901.75	4.0	hands	2	780350
3910.25	4.0	right_hand	6	782050
3918.75	4.0	right_hand	6	783750
3927.25	4.0	left_hand_right_foot	4	785450
3935.75	4.0	left_hand	3	787150
3944.25	4.0	left_hand_right_foot	4	788850
3952.75	4.0	right_hand_left_foot	7	790550
3961.25	4.0	feet	1	792250
3969.75	4.0	feet	1	793950
3978.25	4.0	feet	1	795650
3986.75	4.0	right_hand_left_foot	7	797350
3995.25	4.0	right_hand	6	799050
4003.75	4.0	right_hand	6	800750
4012.25	4.0	hands	2	802450
4020.75	4.0	left_hand	3	804150
4029.25	4.0	right_hand	6	805850
4037.75	4.0	feet	1	807550
4046.25	4.0	right_hand_left_foot	7	809250
4054.75	4.0	right_hand_left_foot	7	810950
4063.25	4.0	left_hand	3	812650
4071.75	4.0	feet	1	814350
4080.25	4.0	rest	5	816050
4088.75	4.0	rest	5	817750
4097.25	4.0	rest	5	819450
4105.75	4.0	rest	5	821150
4114.25	4.0	rest	5	822850
4122.75	4.0	rest	5	824550
4131.25	4.0	rest	5	826250
4139.75	4.0	rest	5	827950
4148.25	4.0	rest	5	829650
4156.75	4.0	rest	5	831350
4165.25	4.0	rest	5	833050
4173.75	4.0	rest	5	834750
4182.25	4.0	rest	5	836450
4190.75	4.0	rest	5	838150
4199.25	4.0	rest	5	839850
4207.75	4.0	rest	5	841550
4216.25	4.0	rest	5	843250
4224.75	4.0	rest	5	844950
4233.25	4.0	rest	5	846650
4241.75	4.0	rest	5	848350
4250.25	4.0	rest	5	850050
4258.75	4.0	rest	5	851750
4267.25	4.0	rest	5	853450
4275.75	4.0	rest	5	855150
4284.25	4.0	rest	5	856850
4292.75	4.0	rest	5	858550
4301.25	4.0	rest	5	860250
4309.75	4.0	rest	5	861950
4318.25	4.0	rest	5	863650
4326.75	4.0	rest	5	865350
4335.25	4.0	rest	5	867050
4343.75	4.0	rest	5	868750
4352.25	4.0	rest	5	870450
4360.75	4.0	rest	5	872150
4369.25	4.0	rest	5	873850
4377.75	4.0	rest	5	875550
4386.25	4.0	rest	5	877250
4394.75	4.0	rest	5	878950
4403.25	4.0	rest	5	880650
4411.75	4.0	rest	5	882350
4420.25	4.0	rest	5	884050
4428.75	4.0	rest	5	885750
4437.25	4.0	rest	5	887450
4445.75	4.0	rest	5	889150
4454.25	4.0	rest	5	890850
4462.75	4.0	rest	5	892550
4471.25	4.0	rest	5	894250
4479.75	4.0	rest	5	895950
4488.25	4.0	rest	5	897650
4496.75	4.0	rest	5	899350
4505.25	4.0	rest	5	901050
4513.75	4.0	rest	5	902750
4522.25	4.0	rest	5	904450
4530.75	4.0	rest	5	906150
4539.25	4.0	rest	5	907850
4547.75	4.0	rest	5	909550
4556.25	4.0	rest	5	911250
4564.75	4.0	rest	5	912950
4573.25	4.0	rest	5	914650
4581.75	4.0	rest	5	916350
4590.25	4.0	rest	5	918050
4598.75	4.0	rest	5	919750
4607.25	4.0	rest	5	921450
4615.75	4.0	rest	5	923150
4624.25	4.0	rest	5	924850
4632.75	4.0	rest	5	926550
4641.25	4.0	rest	5	928250
4649.75	4.0	rest	5	929950
4658.25	4.0	rest	5	931650
4666.75	4.0	rest	5	933350
4675.25	4.0	rest	5	935050
4683.75	4.0	rest	5	936750
4692.25	4.0	rest	5	938450
4700.75	4.0	rest	5	940150
4709.25	4.0	rest	5	941850
4717.75	4.0	rest	5	943550
4726.25	4.0	rest	5	945250
4734.75	4.0	rest	5	946950
4743.25	4.0	rest	5	948650
4751.75	4.0	rest	5	950350
